<?xml version="1.0" encoding="UTF-8"?>
<project-private xmlns="http://www.netbeans.org/ns/project-private/1">
    <editor-bookmarks xmlns="http://www.netbeans.org/ns/editor-bookmarks/2" lastBookmarkId="0"/>
    <open-files xmlns="http://www.netbeans.org/ns/projectui-open-files/2">
        <group>
            <file>file:/D:/segundo_examen/src/java/Examen2/dao/TablitaDAO.java</file>
            <file>file:/D:/segundo_examen/src/java/Examen2/daoImpl/SucursalDaoImpl.java</file>
            <file>file:/D:/segundo_examen/src/java/Examen2/daoImpl/ClienteDaoImpl.java</file>
            <file>file:/D:/segundo_examen/src/java/Examen2/dao/ClienteDao.java</file>
            <file>file:/D:/segundo_examen/src/java/Examen2/model/Tablita.java</file>
            <file>file:/D:/segundo_examen/src/java/Examen2/model/Detalle.java</file>
            <file>file:/D:/segundo_examen/web/META-INF/context.xml</file>
            <file>file:/D:/segundo_examen/src/java/Examen2/dao/ProductoDao.java</file>
            <file>file:/D:/segundo_examen/src/java/Examen2/dao/VentaDao.java</file>
            <file>file:/D:/segundo_examen/src/java/Examen2/config/Conexion.java</file>
            <file>file:/D:/segundo_examen/src/java/Examen2/daoImpl/VentaDaoImpl.java</file>
            <file>file:/D:/segundo_examen/src/java/Examen2/model/Venta.java</file>
            <file>file:/D:/segundo_examen/src/java/Examen2/model/Producto.java</file>
            <file>file:/D:/segundo_examen/src/java/Examen2/daoImpl/UsuarioDaoImpl.java</file>
            <file>file:/D:/segundo_examen/src/java/Examen2/dao/DetalleDao.java</file>
            <file>file:/D:/segundo_examen/src/java/Examen2/model/Usuario.java</file>
            <file>file:/D:/segundo_examen/src/java/Examen2/dao/SucursalDao.java</file>
            <file>file:/D:/segundo_examen/src/java/Examen2/daoImpl/ProductoDaoImpl.java</file>
            <file>file:/D:/segundo_examen/src/java/Examen2/model/Sucursal.java</file>
            <file>file:/D:/segundo_examen/src/java/Examen2/test/Test.java</file>
            <file>file:/D:/segundo_examen/src/java/Examen2/dao/UsuarioDao.java</file>
        </group>
    </open-files>
</project-private>
